overview	my_mcp_tools_dashboard_experience_v2_1368x753.html	587536	85f1e8b3a93a5b8c67a5b4dca85803a436b1dcbaead0f7fde7977908f5753e43
providers	my_mcp_tools_providers_experience_v1_1368x753.html	585809	9ef29a8c4ee8068c54342fe01017d94d63100bbd9ac549fd836da648d383f00a
models	my_mcp_tools_models_distinct_polished_v2_1368x753.html	616116	857e35a160e9df26544a65c771371a228c7a30c2a543882db27bb90dd2ce5c9a
tools	my_mcp_tools_mcp_tools_distinct_polished_v1_1368x753.html	630165	acb5adb34d839f664ac3411e615414cd15241bea4d091cffeab19d2cf783f6aa
routing	my_mcp_tools_routing_visual_polished_v1_1368x753.html	636551	8baeca52f517f9cff999c30ae21679ba9450bc104c7d7d41c75889f11c9ac521
health	my_mcp_tools_health_visual_polished_v1_1368x753.html	646910	f20d8c19b8889fdbe3a8a70027e92aaa43e0caf2c922f10ac0931ad1bd57dc27
audit	my_mcp_tools_audit_visual_backend_v1_1368x753.html	677492	39476f48926fea2f3f05d352782637bf9f448a3517f191b10c4ea98ae2bcf933
settings	my_mcp_tools_settings_visual_backend_v1_1368x753.html	702085	32f1f640908218607c195d67f05b9b982329c4bbc2302687cdf7d86381e4eed6
login	my_mcp_tools_login_experience_v2_1368x753.html	591704	6d625debd72ca7c70b75147543fb613eaf8bbda0f1d8ec247e5e1db54251e149
loading	my_mcp_tools_loading_experience_v2_1368x753.html	589330	115d44492592a8b5543781b507ddeea1ac9e55d6aa8b534cca5573fc59339306
